id,label,articles,query,source_file,deepseek-R1 retrieved paragraphs
H21-1-1,Y,['5'],Acceptance made by a minor that received an offer of gifts without burden without getting consent from his/her statutory agent may not be rescinded.,riteval_H21_en.xml,['5']
H21-1-2,N,['6'],"If a minor, after getting permission for carrying a business from his/her statutory agent, performs an act unrelated to the business without getting consent of the statutory agent, that act may not be rescinded.",riteval_H21_en.xml,['5']
H21-1-3,Y,['9'],"The purchase of daily household items may not be rescinded, even if an adult ward performed the act.",riteval_H21_en.xml,['9']
H21-1-4,N,"['13', '120', '122']","If a person under curatorship performs, without getting the consent, an act that requires  getting consent from his/her curator, the curator may ratify that act, but may not rescind that act.",riteval_H21_en.xml,"['122', '13']"
H21-1-5,N,"['7', '11']","The person in question may not request a  commencement of guardianship, but he/she may request a  commencement of curatorship.",riteval_H21_en.xml,['11']
H21-3-1,Y,"['189', '190']","A possessor in good faith shall acquire fruits derived from  Thing in his/her possession , but a person in possession Thing through duress shall be obliged to return fruits, and if the fruits have already been consumed, he/she shall be obliged  to reimburse the cost of the fruits.",riteval_H21_en.xml,"['189', '190']"
H21-3-2,Y,['575'],"A seller may collect fruits until a delivery, even if the delivery of the subject matter is delayed.",riteval_H21_en.xml,['575']
H21-3-4,N,['356'],"A  pledgee of immovable peroperty may use and receive the profits from the immovable property that is the subject matter of a pledge, in accordance with the method of its use, but may not collect fruits derived by the real property.",riteval_H21_en.xml,['356']
H21-3-5,Y,['89'],"If person A donates a house that he/she is renting to person C with a provision for the payment of rent at the end of every month to person B midway through the month, if there is a special agreement between person A and person B, the rent for the month will be distributed between person A and person B in proportion to the number of the days.",riteval_H21_en.xml,[]
H21-5-3,Y,['707'],"In a cases where a person who is not an obligor has performed an obligation by mistake, if the obligee  waived the security in good faith, the person that performed the obligation may not  demand return of the performance even without having been grossly negligent.",riteval_H21_en.xml,['707']
H21-5-4,N,['119'],"Assuming a contract is void due to a mistake, after the person making the manifestation ratifies it  knowing that such act is void, the contract shall become effective retroactively to the time of the act.",riteval_H21_en.xml,['119']
H21-7-5,N,['206'],"If person B hinders the exercise of ownership for a thing owned by person A using methods other than possession of the thing, person A's ability to demand the removal or discontinuance of the disturbance from B based on ownership is limited to when person A incurs serious and considerable irreparable damage due to person B's disturbance.",riteval_H21_en.xml,[]
H21-8-A,N,['181'],"An agent may even acquire a possessory right, but since the effect of possession by the agent belongs to the principle, the agent him/herself may not acquire an individual possessory right for the thing possessed.",riteval_H21_en.xml,"['183', '181']"
H21-8-O,Y,['201'],An action for recovery of possession mustl be brought within one year from the time when possession was unlawfully usurped.,riteval_H21_en.xml,[]
H21-9-1,Y,['184'],"After person A, who is the owner and depositor of a moveable, orders person B, who is the depositary, to thenceforward possess the moveable on behalf of third party person C, and person C consented thereto, person C shall acquire the possessory right for the moveable.",riteval_H21_en.xml,['184']
H21-9-2,Y,['182'],"If person A, who is the owner and lessor of a moveable, enters into a sales contract with person B, who received the transfer as a lessee, then person A loses the possessory right for the moveable due to the manifestation of intention of person A and person B to the effect that the possessory right is transferred.",riteval_H21_en.xml,[]
H21-9-3,N,"['181', '658']","If person B, who is the depositary and gets approval from person A, who is the owner and depositor of a moveable, entered into a deposit contract with third party, person C for the moveable and transferred it, then person B loses the possessory right for the moveable.",riteval_H21_en.xml,['184']
H21-9-4,Y,['183'],"If person A, who is the owner of a moveable and possesses it him/herself, enters into a sale contract with person B, and simultaneously enters into a loan  contract for use with person B as the use lender and person A as the lease borrower, then person B acquires the possessory right for the moveable due to the manifestation of intention of person A to the effect that he/she will thenceforward possess the thing on behalf of person B.",riteval_H21_en.xml,['183']
H21-10-1,Y,"['223', '224', '229']","An owner of one part of neighboring land may demand the cooperation of another owner of the land in installing boundary markers at shared cost, and the boundary markers installed as a result of that cooperation shall be presumed to be co-owned by the neighbors.",riteval_H21_en.xml,"['223', '229']"
H21-10-2,Y,['234'],"Assuming there is a need to maintain a distance of 50 centimeters or more from the boundary line when building a building, after a year lapses from the time when such construction started, or if that building has been completed, the owner of the adjacent land may not demand changes to the building and may only claim damages.",riteval_H21_en.xml,[]
H21-10-3,Y,['209'],"If an owner of one part of neighboring land repairs a building on the owned land, then he/she may request the use of the neighboring land to the extent necessary for repairing the building from his/her neighbor, however he/she may not enter the dwelling house of the neighbor without the approval the same.",riteval_H21_en.xml,['209']
H21-10-5,Y,['213'],"In cases where person A, who owns land L, subdivides the land into land M, which is surrounded by other  land and has no access to public roads, and land N, which is not so, then sells land M to person B, person B has the right-of-way to reach public roads only regarding land N.",riteval_H21_en.xml,['213']
H21-12-1,Y,['295'],"A right of retention is not established if the obligee with a secured claim does not possess the subject matter, and even if he/she temporarily has possession, the right shall not be established in cases where the possession commenced by means of a tortious act.",riteval_H21_en.xml,['295']
H21-12-2,Y,['295'],A right of retention is not established when a secured claim has not yet fallen due.,riteval_H21_en.xml,['295']
H21-12-3,Y,['297'],"A holder of a right of retention may not accept priority performance from the subject matter, but may accept priority performance from fruits that derived from the subject matter.",riteval_H21_en.xml,['297']
H21-13-A,Y,['313'],The statutory lien of a lessor of a building shall  exist with movables furnished to that building by the lessee.,riteval_H21_en.xml,['313']
H21-13-I,Y,['304'],An obligee that has a general statutory lien may exercise the statutory lien concerning money that the obligor has received in payment as compensation for that Thing owned.,riteval_H21_en.xml,['304']
H21-13-U,N,['343'],Pledges cannot be created over a Thing that cannot be assigned to others.,riteval_H21_en.xml,['343']
H21-13-E,Y,"['344', '345']","A pledge creation contract that has immovable properties or movables as its objective shall take effect by delivering the subject matter, but this transfer may be either a summary transfer or a transfer of possession by instruction.",riteval_H21_en.xml,"['344', '178']"
H21-13-O,N,['349'],"A pledgee and a pledgor may not agree to the pledgee's acquisition of the Thing pledged as performance for obligations, even after the due dates for performance of his/her obligations secured by the pledge.",riteval_H21_en.xml,['349']
H21-15-3,Y,['388'],"In cases where a building owned by person A is built on land owned by person A, and then after a mortgage is created as a joint mortgage for person B with respect to  the building and the land, the result of the execution of the mortgage with respect to the land only is that person C became the land owner, then statutory superficies with respect to the building on the land will be established.",riteval_H21_en.xml,['388']
H21-19-A,Y,['447'],"Assuming that a recovery obligation due to cancellation is understood as a different l obligation that is not identical to the original obligation, whenever it is considered whether or not the recovery obligation due to contract cancellation being included in the scope of the guarantee obligation is a problem in the interpretation of intention of the party in the guarantee contract, the guarantor for the seller in a sales contract for specified Thing may be understood to bear responsibility for the guarantee even for the recovery obligation in cases where the contract is cancelled due to default by the seller.",riteval_H21_en.xml,[]
H21-19-I,Y,['453'],"In order for a guarantor to exercise the right of defense of obligor's solvency, he/she must prove that the principal obligor has the financial resources to pay his/her obligation and that the execution would be easily performed.",riteval_H21_en.xml,['453']
H21-19-U,N,['457'],"Regarding the provision in the Civil Code that states, ""a guarantor may raise a defense vis-a-vis the obligee by setting off any claim which the principal obligor may have vis-a-vis the obligee"", when considering that the guarantor is given the authority to set off any claim that the principal obligor has, the guarantor will be understood to have the right of affirmative defense that refuses the performance of the guarantee obligation for the corresponding amount.",riteval_H21_en.xml,['463']
H21-19-E,N,['459'],"In cases where a guarantor has given a guarantee as entrusted by the principal obligor, if he/she had a judgment ordering him/her to perform the obligation to the obligee, or has performed the obligation on behalf of  the principal obligor, or has otherwise in exchange for his/her own property performed any other act intended to cause the obligation to be extinguished, as long as the guarantor has not been negligent at any time whatsoever, that guarantor has a right to indemnification against the principal debtor.",riteval_H21_en.xml,['459']
H21-20-2,Y,['467'],"If an obligor acknowledges assignment of a claim  vis-a-vis either the assigner or the assignee, the assignee may raise the assignment as a defense against the obligor.",riteval_H21_en.xml,['467']
H21-20-4,N,['468'],"If an obligor has given an acknowledgement without objection  to the assignor of a claim, even if the claim was satisfied, he/she may not refuse the performance of the obligation vis-a-vis the assignee, but may demand the return of the payment money vis-a-vis the assignor.",riteval_H21_en.xml,"['467', '468']"
H21-21-1,N,"['478', '479']","Any performance vis-a-vis a person that has no authority to receive the payment has no effect vis-a-vis the creditor, except in cases where it has an effect as a payment vis-a-vis a holder of quasi-possession  of the claim.",riteval_H21_en.xml,['478']
H21-21-3,N,['487'],"In cases where there is any instrument which evidences the claim for wages, the borrower may assert the fact that he/she will make a payment by returning and exchanging the instrument when attempting to make the performance has completed his/her entire performance.",riteval_H21_en.xml,['487']
H21-21-4,N,['481'],"If a third party obligor who has been enjoined from making payment has paid his/her obligation to his/her own obligee, the relevant obligee shall not entitled to request such third party obligor to make payment, even to the extent he/she suffered the damages.",riteval_H21_en.xml,"['481', '504']"
H21-21-5,N,['485'],"Unless  any other intention is manifested with respect to the expense of performance, such expenses shall be borne by the obligee, but in cases the relevant obligor caused the expense of performance to increase by relocating his/her domicile or taking any other acrtions, such incremental amount shall be borne by the  obligor.",riteval_H21_en.xml,['484']
H21-22-5,N,['508'],"In cases where an active claim extinguished due to prescription, set-off may not be performed, but the adverse party may abandon the benefits of prescription and effect the set-off.",riteval_H21_en.xml,['508']
H21-24-A,Y,['550'],"Either the donor or the donee may revoke gifts not in writing. However, that this shall not apply for any portion of the gift for which performance has been completed.",riteval_H21_en.xml,['550']
H21-24-I,N,['643'],"Since a mandate contract is a consensual contract, it shall be effective if there is an oral agreement. However, in order to assert the effect of a mandate contract to a third party, it must be documented in writing.",riteval_H21_en.xml,['643']
H21-24-E,Y,"['176', '177']","If a mortgage creation contract has the agreement of the mortgagee and of the mortgagor that has ownership of the subject matter of the mortgage, it will be effective even if it is not in writing and there is no registration of its creation.",riteval_H21_en.xml,['176']
H21-24-O,N,['446'],"A guarantor may revoke a contract of guarantee that is not in writing. However, this shall not apply for the portion that has been performed.",riteval_H21_en.xml,['465-9']
H21-25-3,N,['702'],"A person who commences the management of a business for another person without being obliged to do so may not demand compensation from the principal, even if he/she expends useful expenses for the principal, when that management is against the intention of the principal.",riteval_H21_en.xml,['700']
H21-25-4,Y,['474'],A third party who has no interest in an obligation may not perform the obligation against the will of the obligor.,riteval_H21_en.xml,['474']
H21-25-5,N,['462'],A third party who has no interest in an obligation may not guarantee an obligation against the will of the obligor.,riteval_H21_en.xml,[]
H21-26-A,Y,"['541', '542', '559', '564']","If a building that is the subject matter of a job in a building contract has any defect, and  the purpose of the contract cannot be achieved because of the defect, the party ordering the work may cancel the contract for that reason.",riteval_H21_en.xml,[]
H21-26-U,Y,"['620', '684']",The cancellation of a partnership contract  shall solely become effective toward the future.,riteval_H21_en.xml,['684']
H21-26-O,N,['545'],"If after a sales contract for moveables is entered and a portion of the purchase price is paid, the sales contract is cancelled due to default of the seller, then he/she bears an obligation to compensate the buyer for damages, but in returning the portion of the purchase price that was received, there is no need to add interest from the time of that receipt of those moneys.",riteval_H21_en.xml,['346']
H21-27-O,N,['95'],"In cases where person C was unaware that the ownership of real property L belonged to person A at the time of the execution of the sales contract between person B and person C, since person C is mistaken regarding an essential element of the sales contract, and the contract is not effective, person B bears no obligation to acquire ownership from person A and transfer it to person C.",riteval_H21_en.xml,[]
H21-29-A,Y,['327'],Provisions for statutory liens for real property construction are established in the Civil Code.,riteval_H21_en.xml,"['327', '338']"
H19-1-3,N,['96'],"A person who made a manifestation of intention which was induced by duress emanated from a third party may rescind such manifestation of intention on the basis of duress, only if the other party knew or was negligent of such fact.",riteval_H19_en.xml,"['101', '96']"
H19-4-I,Y,['128'],"In a sales contract subject to  a condition precedent, the buyer that intentionally damaged the object while it is uncertain whether or not the condition has been fulfilled shall bear liability for damages to the seller whose expectation right is infringed.",riteval_H19_en.xml,"['128', '130']"
H19-5-3,N,['162'],"Even if the  possessor started the possession without knowledge and was not negligent of another's ownership of the property in cases where he/she subsequently knew another person's ownership during  possession, the period of prescription shall be calculated as a possessor in bad faith.",riteval_H19_en.xml,['185']
H19-6-A,Y,"['166', '412']",Extinctive prescription for claims with a specified due date commences to run on the time of arrival of such time limit.,riteval_H19_en.xml,['144']
H19-6-I,Y,"['166', '412']",Extinctive prescription for claims with unspecified due date commences to run on the time of arrival of such obligortime limit.,riteval_H19_en.xml,['144']
H19-6-O,Y,['300'],"Even while the holder of a right to retention continues the possession of the retained property, extinctive prescription runs for its secured claim.",riteval_H19_en.xml,['300']
H19-7-2,N,['87'],Extended parts of the building shall be regarded as appurtenance.,riteval_H19_en.xml,['87']
H19-8-A,N,['177'],"X, who purchased a real estate P from decedent A before the commencement of inheritance, may assert his ownership of P against Y without registration, if Y, who is the obligee of A's sole heir B, seized P in subrogation to B after B's inheritance registration of P.",riteval_H19_en.xml,['177']
H19-10-I,N,['302'],"Since rights of retention are real rights that include the right to possess properties, holders of rights of retention cannot demand the return of the property retained by way of an action on title based on rights of retention.",riteval_H19_en.xml,['295']
H19-10-O,Y,"['181', '200']","A landowner that leased his/her land and delivered it to a lessee not only may demand the return of such land by way of possessory actions, but also may demand the return of the land by way of actions on title based on landownership, in cases where the land was usurped by a third party.",riteval_H19_en.xml,['202']
H19-11-3,Y,['177'],"In a case where A bought a registered building owned by B, and subsequently that building's ownership preservation registration was made in B's name, if B sold the building to C and registered the transfer,  A may not asset his/her acquisition of ownership of that building.",riteval_H19_en.xml,['177']
H19-11-5,N,['177'],"In a case where A, B, and C co-own a land, D, who has inherited A's share from A, may assert his/her acquisition of A's share against  B and C without completing the registration.",riteval_H19_en.xml,['254']
H19-12-1,N,"['350', '372', '304']","A right of retention, a pledge, and a mortgage may also be exercised against Things including monies that the obligor is to receive as a result of the sale, lease or loss of, or damage to, the subject matter of such collateral rights.",riteval_H19_en.xml,['304']
H19-12-3,N,"['331', '339']","The order of priority of a real estate statutory lien, a real estate pledge, and a mortgage is determined by that of the registration.",riteval_H19_en.xml,['373']
H19-12-4,Y,['343'],"In cases where  a contract that creates a pledge upon a claim that cannot be assigned due to its nature has been made, such contract is void, regardless of whether the pledgee acted in good or bad faith regarding said non-assignability.",riteval_H19_en.xml,['343']
H19-12-5,N,['333'],"A holder of  a statutory lien on movables may exercise his/her right, even in cases where the movable subject to the statutory lien has been sold and delivered to a third party, if the third party knew of the existence of such statutory lien.movablemovablemovable",riteval_H19_en.xml,['333']
H19-13-A,Y,['296'],A holder of a right of retention may retain that thing until his/her claim is satisfied in its entirety.,riteval_H19_en.xml,['296']
H19-13-I,N,['308'],"Statutory liens for employer-employee relationships secure salaries paid regularly, but do not secure retirement payments that should be paid when the employee retires.",riteval_H19_en.xml,['308']
H19-13-U,N,['346'],"In addition to the principal of the secured claim, pledges of real estates shall secure periodic payments including interest only for those that have fallen due in the most recent two years.",riteval_H19_en.xml,['375']
H19-13-E,Y,['375'],"In addition to the principal of the secured claim, mortgages that are not revolving mortgages shall secure periodic payments including interest only for those that have fallen due in the most recent two years.",riteval_H19_en.xml,['375']
H19-13-O,N,['398-3'],"In addition to the fixed principal, revolving mortgages with a fixed principal shall secure up to the maximum amount with respect to the periodic payments including interest for those that have fallen due in the most recent two years.",riteval_H19_en.xml,['398-3']
H19-14-1,Y,"['321', '304']","If the obligor sold the subject matter of a statutory lien to a third party, the holder of the statutory lien for sales of movables may exercise such right against the purchase money claim accrued from the sales .",riteval_H19_en.xml,"['304', '321']"
H19-15-I,Y,"['587', '587-2']","In cases where the registration for the creation of a mortgage has been made for monetary loan claims, but the principal was not delivered in the end, the mortgagor may demand cancellation of such  registration due to the non-existence of  secured claim.",riteval_H19_en.xml,
H19-16-1,Y,['395'],"A person who uses a mortgaged building based on a lease that may not be asserted against the mortgagee may suspend the vacation of that building to the purchaser for up to 6 months from the time that the purchaser purchased the building in cases where the building was auctioned, if he/she has been using it prior to the commencement of auction proceedings.",riteval_H19_en.xml,['395']
H19-16-2,N,['387'],"A registered lease may be asserted against  the mortgagee who gave  consent to the lease, if the entire mortgagee who had registered their respective mortgage before the lease's registration gave consent to the lease.",riteval_H19_en.xml,['387']
H19-16-3,Y,['389'],"If a building existed on a mortgaged land at the time it was mortgaged, even if the owner of that building did not have the right to possess the land which may be asserted against the mortgagee, the mortgagee may not auction the building together with the land.",riteval_H19_en.xml,['370']
H19-16-4,Y,['379'],Holders of superficies created upon mortgaged real estates may not make a claim for the extinction of the mortgage.,riteval_H19_en.xml,['380']
H19-16-5,Y,['371'],"Even if the owner of a mortgaged property acquires fruits derived after the default of the secured claim, it shall not be a case of unjust enrichment.",riteval_H19_en.xml,['371']
H19-17-1,Y,['414'],There are cases when compensation of damages may be demanded besides demand for the enforcement of performance.,riteval_H19_en.xml,['416']
H19-17-2,Y,"['414', '415']","There are cases where only compensation of damages may be demanded, while enforcement of performance may not be demanded.",riteval_H19_en.xml,"['415', '414']"
H19-20-I,Y,"['499', '501']",A third party acquirer of a mortgaged real estate obligormay not subrogate to the secured claim of the obligee against the guarantor.,riteval_H19_en.xml,['423-5']
H19-26-I,N,['653'],"The mandate shall terminate when the mandatary is subject to a ruling for the commencement of bankruptcy procedures, but shall not terminate when the mandator is subject to such ruling.",riteval_H19_en.xml,['653']
H19-26-U,Y,['653'],The mandate shall terminate when the mandatary is subject to an order  for the commencement of guardianship.,riteval_H19_en.xml,['653']
H19-26-O,N,['655'],"Regardless of the other party's knowledge, the grounds of termination of mandate may not be asserted against the other party unless the other party was notified of the same.",riteval_H19_en.xml,['655']
H19-30-1,Y,"['700', '702']","Even if contrary to the intentions of the principal, management of business may be established, and in that case, the manager may request reimbursement for expenses incurred for the principal  solely to the extent such principal actually enriched.",riteval_H19_en.xml,"['702', '700']"
H19-30-3,Y,['698'],"Unless a Manager engages in the Management of Business in order to allow a principal to escape imminent danger to the principal's person, reputation or property, the manager must manage the business with due care of a prudent manager.",riteval_H19_en.xml,
H19-30-5,Y,"['701', '645']",A manager must report the progress and results to the principal without delay upon completion of the management of business.,riteval_H19_en.xml,['645']
H23-1-2,N,['96'],"In cases where duress was induced by a third party, if the counterparty of the manifestation of intention does not know of that fact, the person who makes the manifestation cannot rescind the manifestation of intention.",riteval_H23_en.xml,['101']
H23-1-3,N,"['96', '709']","In cases where the person who makes the manifestation believes a fictitious explanation of the counterparty and makes a manifestation of intention, if there was no intention of fraud for the counterparty, the person who makes the manifestation will not be rescued under Civil Code.",riteval_H23_en.xml,['93']
H23-1-4,Y,['96'],"In cases where the person who makes the manifestation forms a contract based on the fraud of the other person, even if the obligation of the other person is not yet executed based on the contract, the person who makes the manifestation cannot refused execution of his or her obligation for reason of fraud as long as the manifestation of intention is not rescinded.",riteval_H23_en.xml,['96']
H23-1-5,Y,['96'],"In cases where a buyer who deceives a seller receives the transfer of ownership of land, before the seller rescinds his or her manifestation of intention due to fraud, even if someone has accepted the establishment of a mortgage of the land without knowing of the fraud, the seller can revoke the manifestation of intention.",riteval_H23_en.xml,"['424-5', '96']"
H23-2-A,Y,['97'],"The effect of manifestation of intention occurs when it arrives at the counterparty, and thus, a contract with a person at a distance forms when the manifestation of intention of acceptance arrives at the counterparty.",riteval_H23_en.xml,"['97', '522']"
H23-2-I,N,['20'],"In cases where, against a demand of whether or not to ratify an act of a person with limited capacity, a statutory agent issues notification of refusal to ratify within the specified period, and it arrives after the lapse of the period, it is deemed as having been ratified.",riteval_H23_en.xml,['114']
H23-2-E,N,['97'],"After the manifestation of intention of acceptance is issued for the petition for a contract, in cases where the offeree dies before the arrival, if the counterparty knows of the fact of the death of the offeree, the contract  does not become effective.",riteval_H23_en.xml,[]
H23-2-O,Y,['97'],"Even if it is a contract offer with a determined consent period, if the period is before or at the same time as the arrival of the offer, it can be revoked.",riteval_H23_en.xml,[]
H23-3-A,Y,"['113', '115']","Even in cases where the principal ratifies an act of unauthorized agency toward an unauthorized agent, if the counterparty does not know of this fact, he or she can exercise the right to rescind.",riteval_H23_en.xml,['115']
H23-3-I,N,['114'],"The counterparty of an act of unauthorized agency can determine a reasonable period of time for the principal and demand to ratify or not to ratify during that period, and if the principal does not provide a definite answer within the time period, the principal is deemed to have ratified.",riteval_H23_en.xml,['114']
H23-4-U,N,['106'],"In cases where a  privately appointed agent  appoints a subagent due to unavoidable reasons, the sub-agent only possesses a legal relationship with the agent, so acts of the subagent are not acts of agency for the principal.",riteval_H23_en.xml,[]
H23-4-O,N,['102'],"A privately appointed agent can be a minor, but acts of agency by a minor can be rescinded by the statutory agent.",riteval_H23_en.xml,"['5', '101']"
H23-5-1,Y,['123'],"In cases where a minor rescinds a juridical act performed without the consent of his or her statutory agent, if the counterparty of the act has been identified, the rescission is made by the manifestation of intention to the counterparty.",riteval_H23_en.xml,"['123', '5']"
H23-5-2,N,['123'],"If a person promises in a contract that he or she will tender a certain performance to a third party other than the counterparty, in cases where this is rescinded due to fraud of the counterparty, if manifestation of intention of profit is already made by the third party, the rescission is  made by the manifestation of intention to the third party.",riteval_H23_en.xml,['424']
H23-5-3,Y,['424'],The rescission of  a fraudulent act is performed by the court based on the demand of the obligee.,riteval_H23_en.xml,['424']
H23-9-2,Y,['192'],Provisions for immediate acquisition do not apply in cases where the property of an inheritee that possessed another person's movables is succeeded by inheritance.,riteval_H23_en.xml,['187']
H23-9-3,N,['192'],"If person accepts the transfer of movables owned by the counterparty, who is incapable of intention, and the person is in good faith and without fault regarding the incapability of intention of the counterparty, he or she acquires the ownership of the movable due to immediate acquisition.",riteval_H23_en.xml,['192']
H23-10-1,Y,['239'],"By possessing a movable without an owner with the intention to own, the possessor acquires ownership of the movable.",riteval_H23_en.xml,['239']
H23-10-2,Y,"['197', '200']","If the possession of an item is forcibly dispossessed by the possessor, even in cases where the possession before the dispossession was performed with the intention to own, and in cases without intention to own, the possessor can demand the return of the item based on action for the recovery of possession.",riteval_H23_en.xml,"['200', '203']"
H23-10-3,N,['186'],"A possessor is presumed to possess in good faith, peacefully, and in public, but is not presumed to have intention to own.",riteval_H23_en.xml,['185']
H23-10-4,Y,['185'],"In cases where it is assumed, due to the nature of the title, that a possessor does not have the intention to own, if the possessor commences possession under a new title with an intention to own from that time, the nature of the possessor's possession changes with the intention to own.",riteval_H23_en.xml,['185']
H23-11-A,Y,['196'],"When the possessor acquires fruits from a thing under his or her possession, ordinary necessary expenses shall be borne by the possessor.",riteval_H23_en.xml,['196']
H23-11-I,Y,['299'],"If a holder of a right of retention incurs necessary expenses with respect to the Thing related, he or she can have the owner reimburse the same.C. A mandatary can demand the mandator the day after the completion of the mandate for reimbursement of fees paid that were recognized as necessary expenses for the administration of the mandated business.",riteval_H23_en.xml,"['299', '650']"
H23-11-E,Y,"['665', '650']","If borne obligations are deemed to be necessary for the retention of a deposited thing, the depositary can demand that the depositor perform the obligation on the depositary's behalf. In such cases, if the obligation has not yet fallen due, the depositary can require the depositor to tender reasonable security.",riteval_H23_en.xml,[]
H23-11-O,N,['702'],"Even in cases where the manager in management of business has engaged in the management of business against the intention of the principal, if the manager has incurred useful expenses  for the principal, the manager may claim reimbursement of all costs from the principal.",riteval_H23_en.xml,['702']
H23-12-A,Y,"['295', '533']","The contents of performance that can be refused based on rights of retention are the delivery of the thing, but the contents of performance that can be refused based on rights of defense of simultaneous performance are not limited to the delivery of the thing.",riteval_H23_en.xml,"['413', '533']"
H23-12-U,Y,"['301', '533']","A person who is being exercised rights of retention can demand that the right be extinguished by tendering reasonable security, but a person who is being exercised rights of defense for simultaneous performance cannot demand that the right be extinguished by tendering reasonable security.",riteval_H23_en.xml,['301']
H23-13-A,N,['364'],"In cases of pledges over nominative claims, if there is an instrument for the claim, the pledge establishment does not take effect unless the instrument is delivered.",riteval_H23_en.xml,"['344', '520-17']"
H23-13-I,Y,['366'],The pledgee of claim X that is a nominative claim can directly collect claim X if the time of performance of the secured claim arrives along with the time of performance for the claim X that is the subject matter of the pledge.,riteval_H23_en.xml,['366']
H23-13-E,Y,"['364', '467']","In cases where a nominative claim where the obligee is an individual is the subject matter of a pledge, to assert the establishment of the pledge against a third party other than the obligator of the claim that is a subject matter of the pledge, the notification or acknowledgement using an instrument bearing a fixed  date is required.",riteval_H23_en.xml,['364']
H23-17-1,N,['419'],"If the obligor of a monetary debt cannot pay on the time of performance due to force majeure, the obligor of the monetary debt does not bear responsibility of delay in performance.",riteval_H23_en.xml,['415']
H23-19-1,N,['457'],"Until the principal obligor offsets with a possessed claim, the guarantor cannot raise a defense vis-a-vis the obligee by setting off any claim.",riteval_H23_en.xml,"['463', '459-2']"
H23-19-5,N,['437'],"In cases where, after jointly borrowing 1,000,000 yen from two money lenders one of the jointly and several obligors rescinds the contract for reasons that he or she is an adult ward, the other jointly and several obligors is revoked of the portion of the obligation of the adult ward.",riteval_H23_en.xml,['437']
H23-21-4,N,['478'],"A bearer of a receipt, regardless of the subjective conditions of the performer regarding that person's authority, is deemed to have the authority to accept performance.",riteval_H23_en.xml,[]
H23-23-A,Y,['460'],"In cases where the claim whose period of extinctive prescription has passed is in a state of offset with and the opposing claim possessed by the obligor before the period has passed, the obligor that possess the claim whose period of extinctive prescription has passed can perform the offset regardless of whether the invocation of prescription is made before the period of extinctive prescription has passed or after.",riteval_H23_en.xml,"['508', '505']"
H23-25-I,Y,"['564', '541', '542']","In cases where the subject of a sale has a latent defect, if the buyer cannot achieve the purpose of the contrac due to the existence of the defect, the buyer can cancel the contract.",riteval_H23_en.xml,['542']
H23-25-U,Y,"['564', '541', '542', '415']","In cases where the subject of a sale has a latent defect and the buyer can cancel the contract due to that reason, along with the cancellation of the contract, the buyer can demand the seller to compensate damages.",riteval_H23_en.xml,"['564', '566']"
H23-25-E,N,['566'],"In cases where the buyer demands the seller to cancel the contract and compensation for damages based on warranty against defects, the buyer must do this within one year of the formation of the contract of sale.",riteval_H23_en.xml,[]
H23-25-O,N,['568'],"In cases where a compulsory auction was conducted for a used building, the purchaser of the building can demand the original building owner to compensate damages due to the reason that the building has a latent defect.",riteval_H23_en.xml,['568']
H23-26-3,N,"['565', '563']","In cases where a portion of purchased land is owned by a person other than the seller, and the buyer knows this at the time when the contract is concluded, if the seller cannot transfer this to the buyer, the buyer cannot demand the seller",riteval_H23_en.xml,['561']
H23-29-2,N,['706'],"In cases where person A is responsible for an obligation toward person B, and performs the entire obligation while knowing that it is before the time of performance, if person B acquires benefit by operating it until the time of performance, the benefit is deemed unjust enrichment in regards to the relationship with person A.",riteval_H23_en.xml,['706']
R02-1-A,N,"['15', '11']",The family court may decide to commence an assistance also in respect of a person whose capacity to appreciate their own situation is extremely inadequate due to a mental disorder.,riteval_R02_en.xml,[]
R02-1-I,N,['15'],The issuance of a decision for commencement of assistance at the request of a person other than the person in question requires the consent of the person in question unless the family court finds it to be suitable.,riteval_R02_en.xml,['1896']
R02-1-U,N,['18'],"If the grounds of commencement of assistance cease to exist, the family court may rescind the decision for commencement of assistance without any party's request.",riteval_R02_en.xml,[]
R02-1-E,Y,['17'],"If the assistant does not consent to an act for which the person under assistance must obtain the assistant's consent even though it is unlikely to prejudice the interests of the person under assistance, the family court may grant permission that operates in lieu of the assistant's consent, at the request of the person under assistance.",riteval_R02_en.xml,[]
R02-2-E,N,['35'],A foreign juridical person permitted possesses the same private rights even if a foreign national is not entitled to enjoy the rights as those possessed by a juridical person of the same kind that has been formed in Japan.,riteval_R02_en.xml,['36']
R02-3-A,N,['95'],"With respect to the rescission of a manifestation of intention on the ground of a mistake, whether the mistake is material or not is decided on the basis of the person making the manifestation of intention.",riteval_R02_en.xml,['95']
R02-3-I,N,['120'],"If an act that may be rescinded by a person (A) who made the defective manifestation of intention on the ground of A's mistake, the act is also voidable by the counterparty (B).",riteval_R02_en.xml,[]
R02-3-U,Y,['121-2'],"If a gift without burden was rescinded on the ground of a mistake by the donor (A), but the donee (B) had already received the payment or delivery based on the gift contract, and B did not know at the time of receiving the payment or delivery that the gift contract was voidable, B has an obligation to return to the extent currently enriched.",riteval_R02_en.xml,"['121-2', '703']"
R02-3-O,N,['95'],"In the case a manifestation of intention of A to B is based on a mistake and the mistake is due to gross negligence on the part of A, A may not rescind the manifestation of intention, unless B knew, or did not know due to gross negligence, of the mistake on the part of A.",riteval_R02_en.xml,[]
R02-4-A,N,['117'],"A, who acts as the agent of B, concluded a contract with C for sale of land owned by B. However, A had no authority to represent to conclude the contract. A is liable for the performance of the contract or compensation for loss or damage, as chosen by A.",riteval_R02_en.xml,['117']
R02-4-I,Y,['117'],"A, who acts as the agent of B, concluded a contract with C for sale of land owned by B. However, A had no authority to represent to conclude the contract. If B ratifies the contract of sales, A is not liable to C as an unauthorized agency.",riteval_R02_en.xml,['117']
R02-4-U,N,['117'],"A, who acts as the agent of B, concluded a contract with C for sale of land owned by B. However, A had no authority to represent to conclude the contract. In the case that C was negligent in not knowing that A had no authority to represent, even if A knew themselves to have no authority to represent, A is not liable to C as an unauthorized agency.",riteval_R02_en.xml,['109']
R02-5-A,Y,['166'],"A claim for damage due to non-performance is extinguished by prescription,if the obligee does not exercise the right within five years from the time when the obligee came to know that it was exercisable.",riteval_R02_en.xml,[]
R02-5-I,N,['126'],"The right to rescind an act induced by fraud is extinguished by prescription, if the obligee does not exercise the right within five years from the time of the act.",riteval_R02_en.xml,[]
R02-5-U,Y,['724'],"The claim for compensation for loss or damage in torts is extinguished by prescription, if the obligee does not exercise the right within 20 years from the time of the tortious act.",riteval_R02_en.xml,"['167', '724']"
R02-5-E,N,['169'],"If a right for which a period of prescription shorter than 10 years is provided is determined by a final and binding judgment, the period of prescription of the right is shorter one.",riteval_R02_en.xml,['169']
R02-5-O,Y,['168'],"A claim for periodic payments is extinguished by prescription, if the obligee does not exercise each claim for the delivery of things such as money arising from the claim for periodic payments within 10 years from the time when the obligee comes to know that each claim is exercisable.",riteval_R02_en.xml,['168']
R02-8-E,Y,['192'],"A took the jewelry that B had forgotten, believing without negligence that it belonged to A. In this case, A may not obtain the ownership of the jewelry by good faith acquisition.",riteval_R02_en.xml,[]
R02-8-O,Y,"['192', '193']","A stole the jewelry that B had leased from C, and gave it to D. If D received the actual delivery of the jewelry believing without negligence that it belonged to A, B may demand the return of the jewelry from D within two years from the time of the theft.",riteval_R02_en.xml,['193']
R02-9-A,N,['200'],"A has leased a copying machine owned by A to B, and B has not returned it by using it even after the termination of the lease agreement. In this case, A may demand the return of the copying machine against B by filing an action for recovery of possession.",riteval_R02_en.xml,['662']
R02-9-I,Y,['200'],"B stole A's computer with a sticker ""Owner A"" on the bottom. B transferred the computer to C who does not know the theft, without changing the computer's appearance. In this case, A may not demand the return of the computer by filing an action for recovery of possession.",riteval_R02_en.xml,
R02-9-U,Y,['200'],"A has leased a machine tool owned by A to B, and C stole the machine tool from B within the duration of the lease agreement. In this case, B may file an action for recovery of possession against C independently of A.",riteval_R02_en.xml,"['200', '197']"
R02-9-E,N,['192'],"B obtained A's bicycle by fraud. In this case, A may demand the return of the bicycle against B by filing an action for recovery of possession.",riteval_R02_en.xml,['424-6']
R02-9-O,Y,['201'],"A had owned land in an area of holiday homes. B, who owned neighboring land, began to construct a fence on A's land crossing the boundary without A's consent, and two years later the fence was completed. As of this time, A may not demand the removal of the fence against B by filing an action for maintenance of possession.",riteval_R02_en.xml,"['201', '198']"
R02-10-I,N,['268'],The duration of agreed superficies must be fixed within a duration of 20 years or more but not more than 50 years.,riteval_R02_en.xml,[]
R02-10-U,Y,['265'],"Superficies are the rights to use a land in order to own structures, or trees or bamboo.",riteval_R02_en.xml,['265']
R02-10-E,Y,['269-2'],"An underground space or airspace may be established as the subject matter of superficies for ownership of structures, through the specification of upper and lower extents.",riteval_R02_en.xml,['269-2']
R02-11-E,Y,['338'],"In order to preserve the effectiveness of statutory liens for construction work for immovables, the budgeted expenses of the construction work must be registered prior to the commencement of the same.",riteval_R02_en.xml,['338']
R02-12-A,N,['396'],"An obligor (A) created a mortgage for an obligee (B) on the real property owned by A and the creation was registered. A may assert the extinctive prescription of the mortgage if 20 years have passed from the time when it becomes exercisable, even if the claim the mortgage secures is not extinguished.",riteval_R02_en.xml,['396']
R02-13-A,N,"['398-11', '376']","Suppose that obligator (A) sets a mortgage on his real estate for obligee (B).
An obligee (B) may assign the order of priority of a mortgage to another obligee(C) of obligator (A) before the principal is crystallized.",riteval_R02_en.xml,['376']
R02-13-E,N,"['398-6', '398-4']","Suppose that obligator (A) sets a mortgage on his real estate for obligee (B).
If there is a subordinated mortgagee(F), in order for A and B to effect the changes of the principal crystallization date of the revolving mortgage, the consent of F must be obtained.",riteval_R02_en.xml,['518']
R02-15-I,N,['412-2'],The contract for sale does not become effective in the case where X is burned down the day before the day of the conclusion of the contract.,riteval_R02_en.xml,[]
R02-15-U,Y,['422-2'],"If, after the conclusion of the contract for sale, a buyer (B) pays 1000000 yen for X, but before a seller (A) delivers X to B, X is burned-out due to grounds attributable to B, and A obtains 700,000 yen of the insurance money for damage caused by the destruction of X, B may claim payment of 700,000 yen to A.",riteval_R02_en.xml,"['285', '326']"
R02-15-E,N,['536'],"If, after the conclusion of the contract for sale and before A delivers X to B, X is burned down caused by negligence of a third party, the debt to pay the price of B is extinguished by operation of law.",riteval_R02_en.xml,"['275', '326']"
R02-15-O,N,['567'],"If A tenders the performance of the obligation of delivery of X and B refuses to accept without a legitimate reason,and X is lost due to gross negligence of A while in custody of X by A, B may not refuse to pay the price.",riteval_R02_en.xml,['413']
R02-16-A,N,['424-7'],"In the case that an obligee (C) files an action concerning demand for rescission of fraudulent act, an obligor (A) must be stood as a defendant.",riteval_R02_en.xml,['424-7']
R02-16-I,N,"['424-5', '424']","If beneficiary (B) sells and delivers X to a subsequent acquirer (D), who knows that the gifts of X will prejudice the obligee of A, C may claim to D to rescind the sale between B and D.",riteval_R02_en.xml,['424-5']
R02-16-U,Y,['424'],"If B sells and delivers X to D, who knows that the gift of X will prejudice the obligee of A, C may claim to B to rescind the gift between A and B.",riteval_R02_en.xml,['424']
R02-16-E,Y,['425'],A final and binding judgment upholding demand for rescission of fraudulent act of C is effective against all obligees of A.,riteval_R02_en.xml,['425']
R02-16-O,N,"['425-4', '425-2']","If B sells and delivers X to D, who knows that the gifts of X will prejudice the obligee of A and judgment upholding demand for rescission of fraudulent act of C has become final and binding, D may demand the return of the price from B.",riteval_R02_en.xml,"['424', '424-2']"
R02-17-A,N,"['438', '439', '440', '441']","In the case that an obligee (D) files an action concerning demand for performance of an obligation (X) and judgment upholding the demand has become final and binding, if neither D nor an obligor (B) manifests a particular intention, a new period of extinctive prescription of X commences to run at the time when the judgment has become final and binding.",riteval_R02_en.xml,['169']
R02-17-I,N,"['438', '439', '440', '441']","In the case that D manifests the intention to release another obligor (C) from the obligation to D, even if neither D nor B manifests a particular intention, D may not claim the payment of 600,000 to another obligor (A).",riteval_R02_en.xml,['433']
R02-17-U,Y,['439'],"If D owes C a debt (Y) of 300000 yen that is set off against the debt (X), and D demands payment of 600000 yen from A while C does not use a set-off for the debt (Y), A may refuse to pay 200000 yen of that debt.",riteval_R02_en.xml,[]
R02-17-O,Y,['443'],"In the case that D owes C a debt (Y) of 200000 yen that is set off against the debt (X), if A, knowing that C is a joint and several obligor of the debt (X), pays 600000 yen to D and claims reimbursement from C without giving notice to C and C duly asserts a set-off as defense against A, A may request D to pay 200000 yen of Y which should have been extinguished due to set-off.",riteval_R02_en.xml,['443']
R02-18-U,Y,['466-5'],"If a deposit claim held by A against Bank (B) is subject to a special agreement that it cannot be assigned, even if A enters into an agreement with G to assign the deposit claim, the assignment will not be effective if G was in bad faith or grossly negligent with respect to the special agreement.",riteval_R02_en.xml,['466-5']
R02-19-A,Y,"['499', '500']","If a third-party collateral provider paid a secured claim, the third-party collateral provider may exercise the secured claim acquired through subrogation without requirement for perfection.",riteval_R02_en.xml,['501']
R02-19-I,N,['502'],"If a guarantor has partially paid a secured claim but there is a remaining obligation, the guarantor may independently exercise the secured claim and the security right acquired through subrogation in proportion to the value of the subrogee's performance.",riteval_R02_en.xml,['502']
R02-19-E,Y,['504'],"In case that the obligee is found to have reasonable grounds in light of the common sense in the transaction for causing the security to be diminished, the guarantor may not assert that the guarantor is relieved from responsibility to the extent that that the guarantor can no longer seek the reimbursement due to the diminution in the security available upon subrogation.",riteval_R02_en.xml,['504']
R02-21-A,Y,['404'],"Unless the parties manifest a particular intention with respect to a claim which bears interest, the rate of the interest is the statutory interest rate as of the time when the interest first accrues.",riteval_R02_en.xml,['404']
R02-23-I,N,['484'],"Unless a particular intention is manifested with respect to the place where the performance should take place, even if X was located at the domicile of D at the time of the conclusion of contract for sale, the delivery of X must be effected at the current domicile of B.",riteval_R02_en.xml,['484']
R02-23-U,N,['539-2'],"If B makes an agreement with E to transfer contractual status of the buyer to E, regardless of whether A consents, the status of the buyer is transferred to E.",riteval_R02_en.xml,[]
R02-23-E,N,['537'],"If the contract of sale stipulates that F, who was not born at the time of the conclusion of the contract, is to acquire the ownership of X, the contract of sale is invalid.",riteval_R02_en.xml,['133']
R02-23-O,Y,"['537', '538']","If A delays in delivering X after the contract of sale stipulates that a third party (G) is to acquire the ownership of X and G manifests intention of availing of the benefit, B may not cancel the contract of sale without G's consent.",riteval_R02_en.xml,['539-2']
R02-24-A,Y,"['415', '561']","In the case that the seller cannot acquire and transfer the rights to the buyer, if the buyer, at the moment of the contract, knows that the rights the buyer has bought do not belong to the seller, it shall not preclude a buyer from making a claim for damages.",riteval_R02_en.xml,['561']
R02-24-I,N,"['415', '561']","In the case that the seller cannot acquire and transfer the rights to the buyer, the buyer may claim to seller compensation for loss or damage even if the case is not caused by grounds attributable to the seller.",riteval_R02_en.xml,['565']
R02-24-U,Y,"['562', '563']","If the seller cannot transfer any part of the rights which are the subject matter of the sale because the part of the rights belong to others and it is impossible to cure the non-conformity of performance, the seller may immediately claim a reduction of the purchase money without demand.",riteval_R02_en.xml,[]
R02-24-E,N,"['564', '565']","In the case that the seller cannot acquire and transfer the rights to the buyer, if the buyer, at the moment of the contract, knows that the rights the buyer has bought do not belong to the seller, the seller may not cancel the contract.",riteval_R02_en.xml,['442']
R02-24-O,N,['566'],"In the case that the seller cannot acquire and transfer the rights to the buyer, the buyer may not make a claim for damages to the seller in good faith without giving a notice within a year from the time when the seller knows the fact that the rights belong to others.",riteval_R02_en.xml,['566']
R02-25-A,Y,['605-2'],"If a leased immovables are assigned and the status of the lessor is transferred to the assignee,the assignee thereof succeeds to the obligation of assignor to reimburse expenses to the lessee.",riteval_R02_en.xml,"['605-2', '608']"
R02-25-I,N,['606'],A lessor assumes an obligation to effect repairs necessary for using and making profit of the leased thing even if repairs are necessary due to any grounds attributable to the lessee.,riteval_R02_en.xml,[]
R02-25-U,Y,['611'],"If it comes to no longer be possible to use or profit from part of a leased thing due to grounds such as loss and this is caused by grounds not attributable to the lessee, the rent is reduced in proportion to the value of the part that can no longer be used or profited from.",riteval_R02_en.xml,['611']
R02-25-E,N,['613'],"If the lessee lawfully subleases a leased thing, the lessor may not duly assert against the sublessee the cancellation by agreement of the lease with the lessee even if the lessor has a right to cancel due to non-performance on the part of the lessee at the time of the cancellation.",riteval_R02_en.xml,[]
R02-25-O,Y,['621'],If The lessee is not obligated to restore any wear of the leased thing caused by the ordinary manner of using and making profit from it when the lease is terminated.,riteval_R02_en.xml,['621']
R02-26-A,N,['651'],"A party that has cancelled a mandate, notwithstanding the time of the cancellation, is not liable to the other party for compensation for loss or damage.",riteval_R02_en.xml,"['651', '628']"
R02-26-I,N,['656'],The provisions regarding mandate of juridical acts do not apply mutatis mutandis to entrustments of business that do not constitute juridical acts.,riteval_R02_en.xml,['656']
R02-26-U,N,['649'],The mandatary may not request the costs that are incurred in administering the mandated business until after having paid those costs.,riteval_R02_en.xml,['650']
R02-26-O,Y,"['653', '655']","If a mandate is terminated because the mandator has become subject to an order commencing bankruptcy proceedings, the mandator may not assert against the mandatary unless the mandatary was notified of or knew of the fact that the mandator is subject to the order commencing bankruptcy proceeding.",riteval_R02_en.xml,['655']
R02-27-A,N,['676'],A partner may independently exercise the rights with regard to a monetary claim that is included in the partnership property in proportion to each co-owner's interest.,riteval_R02_en.xml,"['249', '668']"
R02-27-I,N,['670'],The partnership business is decided by the majority of the partners even if any person is delegated to be a person who executes business.,riteval_R02_en.xml,['670']
R02-27-U,Y,['678'],"Even if the duration of the partnership is specified, each partner may withdraw if there is a compelling reason to do so.",riteval_R02_en.xml,['683']
R02-27-E,Y,['677-2'],A new partner that is admitted to a partnership after it is formed is not liable to perform the obligations of the partnership that arose before that partner's admission.,riteval_R02_en.xml,[]
R02-27-O,N,['676'],A partner may seek the division of the partnership property before liquidation if the consent of the majority of partners exists.,riteval_R02_en.xml,"['670', '668']"
R02-28-U,N,['706'],A person who misunderstands due to negligence that the due date arrives and has paid money or delivered anything as performance of an obligation that has not yet fallen due may demand the return of the money paid or thing delivered before the arrival of the due date.,riteval_R02_en.xml,['706']
R02-28-O,Y,['707'],"A person who misunderstands that the person is an obligor and has performed an obligation may not demand the return of subject matter of the performance if the obligee, acting in good faith, has lost the claim by prescription.",riteval_R02_en.xml,['707']
R02-29-A,Y,['509'],"If a person that holds a monetary claim has borne an obligation for compensation for loss or damage for injury to the obligor of that monetary claim, the person may not duly assert against the obligor, a set-off using the monetary claim against the obligation for compensation.",riteval_R02_en.xml,['509']
R02-36-A,Y,['120'],An act that is voidable on the grounds of a mistake may also be rescinded by the successor of the contractual status of the person who made the manifestation of intention by mistake.,riteval_R02_en.xml,"['539-2', '93']"
R02-36-I,N,['153'],The postponement of expiry of prescription period is not effective against the successors of the parties with respect to whom grounds to postpone the expiry of prescription period have arisen.,riteval_R02_en.xml,['153']
R02-36-U,Y,['187'],A universal successor to a possessor may also assert the successor's own possession only.,riteval_R02_en.xml,['187']
R02-36-E,N,['254'],A claim that a co-owner (A) holds against another co-owner (B) with respect to the property in co-ownership may not be exercised against B's specific successors.,riteval_R02_en.xml,['254']
R02-37-A,Y,"['406', '407']","If the obligor of an alternative obligation manifests the intention to exercise the right to choose, the manifestation may not be withdrawn without the consent of the obligee even before the due date of the obligation.",riteval_R02_en.xml,['407']
R02-37-I,Y,['540'],The manifestation of intention to cancel may not be revoked.,riteval_R02_en.xml,['540']
H27-3-U,N,"['101', '96']","In the case where B, who was granted authority of agency to buy a land as an agent of A, concluded a contract for sale of a land ""X"" with C representing that the same is made on behalf of A by the fraud of C to B, A may not rescind the contract for sale.",riteval_H27_en.xml,[]
H27-3-E,N,['108'],"In the case where B, who was granted authority of agency to buy a land as an agent of A, was granted authority of agency to sell the land by C, became the agent of C, and concluded a contract for sale of a land ""X"" between A and C, if B notified to both A and C in advance that B was the agent of both parties, the contract for sale binds A and C.",riteval_H27_en.xml,['108']
H27-5-U,Y,['134'],"Even though A promised B that A would give his/her car ""X"" when A would feel like it, the contract for gifts shall be void.",riteval_H27_en.xml,['549']
H27-5-E,Y,['128'],"In cases where A promised B that A would give his/her car ""X"" when B would pass a graduation examination of the medical department, if A sells his/her car ""X"" to a third party C, B may claim for the compensation for damages arising from A's act.",riteval_H27_en.xml,['415']
H27-6-1,N,['152'],"In cases where an obligor who is a person under curatorship acknowledge the obligation without the consent of his/her curator, the prescription of the claim shall not be nullified.",riteval_H27_en.xml,['13']
H27-6-2,Y,"['152', '467']","In cases where the obligee assigned a claim to any third party before the lapse of the period of prescription, if the obligor has acknowledged the assignment of a claim to the assignee, the prescription of the claim shall be nullified.",riteval_H27_en.xml,['212']
H27-11-A,Y,['293'],"If a person entitled to a servitude does not exercise a portion of his/her rights, only that portion shall be extinguished by prescription.",riteval_H27_en.xml,['293']
H27-11-I,N,['280'],The owner of the dominant land may not assign the servitude apart from the dominant land.,riteval_H27_en.xml,['281']
H27-11-U,N,['282'],"In cases where dominant land is co-owned by more than one person, one of the co-owners of dominant land may renounce his/her own share a servitude that exists on behalf of the land.",riteval_H27_en.xml,['282']
H27-11-E,Y,['292'],"In cases where dominant land is co-owned by more than one person, if there is a interruption of prescription in favor of one co-owner, such interruption shall also be effective for the benefit of other co-owners.",riteval_H27_en.xml,
H27-11-O,Y,['281'],"A servitude may not be established with respect to the land, not neighboring a deminant land, as a servient land.",riteval_H27_en.xml,[]
H27-12-E,N,"['334', '330']","In cases where a pledge is created with respect to the subject matter of the statutory lien for sale of movables, the statutory lien for sale of movables shall prevail over the pledge.",riteval_H27_en.xml,['334']
H27-19-I,Y,['484'],"If the borrower in loan of consumption of monies tenders any performance which is not sufficient to extinguish the total amount of the principal, the interest and the expense, he/she may designate the principal to which such performance should be allocated before any others, and the designation of the allocation shall be effected unless the lender immediately raises his/her objection.",riteval_H27_en.xml,"['491', '488']"
H27-19-U,N,['485'],"Unless any other intention is manifested with respect to the expense of performance, such expenses shall be borne equally by both the obligor and the obligee; however, in cases the relevant obligee caused the expense of performance to increase by relocating his/her domicile or taking any other actions, such incremental amount shall be borne by the obligee.",riteval_H27_en.xml,[]
H27-19-O,N,['489'],"Unless any other intention is manifested with respect to the place where the performance should take place, the delivery of a specific thing must be effected at the place where such thing was located when the relevant claim accrued, and the discharge of any other obligation must be effected at the current domicile of the obligee.",riteval_H27_en.xml,['484']
H27-20-A,N,['511'],"If B who had been enjoined from making payment with respect to A's claim ""X"" against B acquires the claim ""Y"" against A, B may set off the claim ""X"" against the claim ""Y"".",riteval_H27_en.xml,"['511', '505']"
H27-20-E,Y,['509'],"If any claim arises from a tortious act, the relevant obligee may assert the set-off against the obligor.",riteval_H27_en.xml,['393']
H27-21-E,N,"['545', '546', '533']","In cases where, as a result of the cancellation of the contract for sale, each party assumes an obligation to restore the other party to that other party's original position, the obligations of both parties are not related to each other as simultaneous performance.",riteval_H27_en.xml,['545']
H27-22-1,N,"['415', '542', '543']","In the case of a contract for sale of a specified thing, if the performance of the delivery has become impossible due to reason attributable to the seller, the effect of the contract of sale shall be lost by operation of law, then the buyer shall be relieved of liability for payment of the purchase money.",riteval_H27_en.xml,[]
H27-22-3,Y,['632'],"In the contract for work for the purpose of constructing a building, even if the building under construction has been lost due to reasons not attributable to either party, the contractor may not claim the entire remuneration from the party ordering the work unless he/she contructs any new builidng and complete the work.",riteval_H27_en.xml,['632']
H27-22-4,Y,"['665', '648', '536']","In the contract for deposit for value, if the performance of the obligation to return deposited Thing has become impossible due to reasons not attributable to the depositary, he/she may not claim remuneration from the depositor, with respect to the period after the impossibility of performance of the agreed duration.",riteval_H27_en.xml,['415']
H27-23-A,Y,"['601', '587']","In the cases where a lessor is the owner of the subject matter in a contract for lease, the ownership of the subject matter shall not be transfered to the lessee, on the other hand, in the cases where a lender is the owner of the subject matter in a contract for loan for consumption, the ownership of the subject matter shall be transfered to the borrower.",riteval_H27_en.xml,"['535', '607']"
H27-23-I,N,"['601', '587']","If the parties do not specify the term of a lease, the lessee may request to terminate it at any time.
On the other hand, if the parties do not define the time for return in a loan for consumption, the borrower may request to terminate it any time only in a loan for consumption without interest.",riteval_H27_en.xml,['617']
H27-23-U,Y,['614'],Both the timing of payment of rent in a contract for lease and the timing of payment of interest in a contract for loan for consumption may freely be determined by the agreement of the parties.,riteval_H27_en.xml,['614']
H27-23-E,N,"['617', '591']","In cases where the parties do not specify the term of a lease, if the lessor requests to terminate it, the lessee shall not be responsible for the delay within the statutory period without returning the Things; however, in cases where the parties do not define the time for return in a loan for consumption, if the lender demands their return, the borrower shall be resposible for the delay unless he/she returns the Things immediately.",riteval_H27_en.xml,"['617', '591']"
H27-23-O,N,"['617', '591']","A contract for lease is a consensual contract so that a contract for lease shall be formed by the agreement between the perties.
On the other hand, a contract for loan for consumption is a contract in kind, so that even if the perties promises that one of the parties will deliver money or other things and the other party will return by means of things that are the same in kind, quality and quantity, the agreement shall be void.",riteval_H27_en.xml,"['601', '587']"
H27-24-1,Y,"['595', '608']","The borrower shall bear the ordinarily necessary costs of borrowed Things.
The lessee shall not bear the ordinarily necessary costs of leased Things.",riteval_H27_en.xml,
H27-24-2,N,"['594', '616']","A borrower must make use of and take the profits of the Thing which is the subject matter of the contract in compliance with the method of use specified by the contract or by the nature of the Thing which is the subject matter of the contract.
A lessee need not make use of and take the profits of the Thing which is the subject matter of the contract in compliance with the method of use specified by the contract or by the nature of the Thing which is the subject matter of the contract.",riteval_H27_en.xml,"['594', '616']"
H27-24-3,N,['597'],"Loans for use shall lose its effect on the death of the lender by operation of law.
Leases shall not lose its effect on the death of the lessor by operation of law.",riteval_H27_en.xml,[]
H27-24-4,N,"['599', '616']","A borrower must restore a borrowed Thing to its original condition on termination of the loan for use, but the borrower must obtain the consent of the lender to remove anything attached to the borrowed Thing.
A lessee must restore a leased Thing to its original condition on termination of the lease, but the lessee need not obtain the consent of the lessor to remove anything attached to the leased Thing.",riteval_H27_en.xml,"['599', '621']"
H27-25-A,Y,"['613', '601', '606']","A concluded the contract with B that A leases his/her two-storied building ""X"" at a charge of 500,000 yen a month, and delivered the building ""X"" to B.
After that, B concluded the contract with C that B subleases the building ""X"" at a charge of 500,000 yen a month with obtaining the approval of A, and delivered the building ""X"" to C.
After a while, C became unable to use the second story of the building ""X"" due to the leak caused by defect of the roof.
C may demand B to repair the defect of the roof of the building ""X"".",riteval_H27_en.xml,['606']
H27-26-A,N,['641'],"The party ordering work may cancel the contract by compensating any damages, even if the contractor has completed the work with the purpose of its obligation.",riteval_H27_en.xml,[]
H27-26-U,Y,['642'],"In cases where the party ordering work is subject to a ruling for the commencement of bankruptcy procedures, the contractor may cancel the contract.",riteval_H27_en.xml,['642']
H27-27-A,N,"['559', '562']","In the case where the delivery of the subject matter of work performed is required, if the defect in the subject matter is evident at the time of the delivery of it, the contractor shall not be liable for the warranty against defects.",riteval_H27_en.xml,
H27-27-I,Y,"['559', '562', '564', '415']","Where no delivery of the subject matter is required, the duration of contractor's warranty commences to run from the time of the completion of the work.",riteval_H27_en.xml,['637']
H27-27-U,Y,['636'],"If the defect in the subject matter of the work arises due to the nature of the materials supplied by, or instructions given by, the party ordering the work, the contractor is not liable for the warranty against the defect unless the contractor knew that the materials or instructions were inappropriate but did not disclose the same.",riteval_H27_en.xml,['636']
H27-27-E,Y,"['559', '564']","In cases where there is any defect in the subject matter of work performed, if the repair of the defect is impossible, the party ordering the work may cancel the contract.",riteval_H27_en.xml,['542']
H27-27-O,N,['637'],"If there is any defect in the subject matter of work performed, the party ordering the work may demand compensation for damages in lieu of, or in addition to, the repair of the defect.",riteval_H27_en.xml,['636']
H27-28-A,N,['711'],A person who has taken the life of another must compensate for damages only to heirs of the victim.,riteval_H27_en.xml,['711']
H27-28-U,Y,['715'],"A person who employs others for a certain business shall be liable for damages inflicted on a third party by his/her employees with respect to the execution of that business, and this shall apply even if the employees have the sufficient financial resources to compensate.",riteval_H27_en.xml,['715']
H27-35-A,Y,"['20', '13']","In cases where the person who has concluded the contract for sale with the person under curatorship issues to the curator of such person a notice which demands, by establishing a certain period which is one month or more, that he/she should give a definite answer on whether or not such person will ratify such act which may be rescinded within such period, if the curator fails to send any definite answer within such period, he/she is deemed to have ratified the contract for sale.",riteval_H27_en.xml,['20']
H27-35-I,N,['114'],"In cases where, with respect to a contract for sale concluded by a unauthorized agent, the counterparty requires the principal, by fixing a reasonable period of time, to make a definite answer on whether or not he/she will ratify within such period of time, if the principal fails to make any definite answer within such period, he/she is deemed to have ratified the contract for sale.",riteval_H27_en.xml,['114']
H27-35-U,Y,"['493', '492']","In cases where the obligee refuses to accept the performance in advance, the obligor shall be released from the liability for default if he/she demands the acceptance thereof by giving a notice that the tender of the performance has been prepared.",riteval_H27_en.xml,"['493', '492']"
H27-35-E,Y,['547'],"In cases where ,with respect to the right to cancel based on the failure to perform, the other party issues a notice of demand to the holder of the right to cancel, specifying a reasonable period, to the effect that the holder of the right to cancel is to give a definite answer as to whether or not the right will be exercised within that period, if no notice of cancellation is received within that period, the right to cancel shall be extinguished.",riteval_H27_en.xml,['547']
H27-36-A,N,['297'],"A holder of a right of retention may collect fruits derived from the Thing retained, and appropriate the same to the satisfaction of his/her claim prior to other obligees, but the fruits must be appropriated to the payment of interest on the claim, and any remainder must not be appropriated to the satisfaction of the principal.",riteval_H27_en.xml,['297']
H27-36-I,Y,['405'],"In cases where the seller's obligation to deliver the subject matter of the sale must be performed prior to that of the buyer and a due date is provided for the payment of the purchase money in the contract for sale, it shall not be necessary for the buyer to pay the interest even after the delivery of the subject matter of the sale until that due date arrives.",riteval_H27_en.xml,['573']
H27-36-U,N,"['462', '459', '459-2']","If a person, who has become a guarantor without the entrustment of the principal obligor, has performed the obligation, the principal obligor must pay the statutory interest for the period from the day of that performance.",riteval_H27_en.xml,['462']
H27-36-E,Y,['545'],"In cases where a seller canceled the contract for sale based on the failure to perform the obligation after he/she received the purchase money in part, if the money which the seller received as the purchase money in part are to be refunded, interest must accrue from the time of the receipt of that money.",riteval_H27_en.xml,['579']
H27-36-O,Y,['575'],"In cases the obligor delays the payment of interest corresponding to one year or more, and if the obligor does not pay such interest notwithstanding the demand by the obligee, the obligee may incorporate such interest into the principal.",riteval_H27_en.xml,['405']
R04-01-I,N,"['5', '6']",A juridical act by a minor who is permitted to conduct business may not be rescinded even if the judicial act does not concern the business.,riteval_R04_en.xml,['6']
R04-01-U,N,"['5', '120']","When a minor concludes a contract without obtaining the consent of the person who has the parental authority, the minor may not personally rescind the contract without the consent of the person who has the parental authority until the minor has attained the age of majority.",riteval_R04_en.xml,['120']
R04-01-E,Y,"['5', '124']","When a minor concludes a contract without obtaining the consent of the person who has the parental authority, the minor may not personally ratify the contract without the consent of the person who has the parental authority until the minor has attained the age of majority.",riteval_R04_en.xml,['5']
R04-02-A,N,['9'],"If an adult ward acquires land by gift, the guardian of the adult ward may not rescind the gift.",riteval_R04_en.xml,
R04-02-U,N,"['9', '102']","An act that A, an adult ward, performs as legal representative of B, a minor, may not be rescinded on the grounds of qualified legal capacity of A.",riteval_R04_en.xml,['102']
R04-02-E,Y,['158'],"If A, an adult ward, has a right vis-a-vis the adult ward's guardian who manages the property, the prescription period will not expire with respect to that right until the statutory period has passed from the time when A becomes a person with capacity to act, or a succeeding legal representative assumes the position.",riteval_R04_en.xml,['158']
R04-03-A,N,['97'],A manifestation of intention to a person at a distance will not be effective until the other party recognizes it.,riteval_R04_en.xml,['97']
R04-03-I,N,"['5', '20']","B, who concluded a contract with A, a minor, demanded that C, the legal representative of A, give a definite answer whether C will ratify the contract. In this case, if C fails to send a definite answer within the period of time fixed by B, C is deemed to have rescinded that act.",riteval_R04_en.xml,['114']
R04-03-U,Y,['93'],The nullity of a manifestation of intention based on the mental reservation may not be duly asserted against a third party in good faith with negligence.,riteval_R04_en.xml,
R04-03-E,N,['95'],"The manifestation of intention based on the mistake may not be rescinded if the mistake is due to gross negligence on the part of the person making the manifestation of intention, and the other party is under the same mistake as the person making the manifestation of intention.",riteval_R04_en.xml,[]
R04-03-O,Y,['96'],"If a third party commits duress forcing a first party to make a manifestation of intention to a second party, that manifestation of intention is voidable even if the second party could not have known that fact.",riteval_R04_en.xml,['96']
R04-04-A,Y,['120'],A guarantor of an obligation arising from a judicial act which may be voidable may not rescind the judicial act.,riteval_R04_en.xml,['120']
R04-04-I,Y,"['120', '122']","A, a person under curatorship, may not rescind a judicial act by A after the legal representative ratifies the judicial act.",riteval_R04_en.xml,['122']
R04-04-U,N,"['96', '123']","If A makes a manifestation of intention of selling an immovable to C because of the fraud by B, the third party, the rescission of that act is made by the manifestation of intention to both B and C.",riteval_R04_en.xml,
R04-04-E,N,"['121', '121-2']","If a loan of money made by A, a person under curatorship, is cancelled, A has the obligation to return the entire amount of the loan to the lender, even if the loan has been spent gambling until then.",riteval_R04_en.xml,"['598', '13']"
R04-04-O,N,['126'],The right to rescind an act is extinguished by the operation of the prescription if it is not exercised within five years from the voidable act.,riteval_R04_en.xml,[]
R04-05-U,Y,['145'],The one who acquired Land X after the mortgage had been created on Land X and the creation had been registered may invoke the extinctive prescription of the secured claim under the mortgage.,riteval_R04_en.xml,['396']
R04-06-A,N,['177'],"A sold Building X, owned by A, to B, but the registration of preservation of ownership of Building X has not been made. In this case, B may duly assert the acquisition of ownership against the third party without the registration in the name of B.",riteval_R04_en.xml,['177']
R04-07-A,N,['179'],"A created the first-ranked mortgage for the benefit of B and the second-ranked mortgage for the benefit of C on Land X, owned by A. In this case, if B purchases Land X from A, the mortgage for B shall be extinguished.",riteval_R04_en.xml,['1176']
R04-07-I,N,['179'],"A created the superficies on Land X, owned by A, for the benefit of B, and B created the mortgage on the superficies for the benefit of C. In this case, if A dies and B is the only heir, the superficies for B shall be extinguished.",riteval_R04_en.xml,[]
R04-07-O,Y,['179'],"A created the superficies on Land X, owned by A, for the benefit of B, and B leased Building Y, built on Land X, to C. In this case, if A dies and B is the only heir, the superficies for B shall be extinguished.",riteval_R04_en.xml,['269']
R04-08-A,N,"['178', '184']","A sold Painting X, owned by A, to C while depositing it with B and ordered B to thenceforward possess X on behalf of C, and B consented thereto. In this case, C may duly assert the acquisition of the ownership of X against any third parties.",riteval_R04_en.xml,['184']
R04-08-O,Y,"['182', '178']","B kept Painting X, owned by A, from A and possessed it. Thereafter B purchased X from A, and A and B manifested an intention to transfer the possession to B. In this case, B may duly assert the acquisition of the ownership of X against any third parties.",riteval_R04_en.xml,['185']
R04-09-A,Y,['211'],"Land X, owned by A, is surrounded by other land and has no access to a public road, and Land Y, owned by B, surrounds Land X. A has a right to pass through Land Y in order to reach a public road. In this case, the location and method of passage must be chosen so as to meet the needs of A and cause the least damage to Land Y.",riteval_R04_en.xml,"['210', '211']"
R04-09-I,N,['211'],"Land X, owned by A, is surrounded by other land and has no access to a public road, and Land Y, owned by B, surrounds Land X. A has a right to pass through Land Y in order to reach a public road. In this case, A must obtain the consent of B to construct a road on Land Y.",riteval_R04_en.xml,['211']
R04-09-U,Y,"['267', '210']","Land X, owned by A, is surrounded by other land and has no access to a public road, and Land Y, owned by B, surrounds Land X. A has a right to pass through Land Y in order to reach a public road. In this case, C, the superficiary of Land X, may pass through Land Y without the consent of B.",riteval_R04_en.xml,[]
R04-10-U,Y,['253'],"A, B, and C co-own Land X with one-third interest each. If one year has passed without A performing the obligation to pay B the expenses of management of Land X, B may acquire the interest of A by paying a reasonable compensation.",riteval_R04_en.xml,"['259', '253']"
